S_su,S_aa,S_fa,S_va,S_bu,S_pro,S_ac,S_h2,S_ch4,S_co2,S_nh4,S_I,X_xc,X_ch,X_pr,X_li,X_su,X_aa,X_fa,X_c4,X_pro,X_ac,X_h2,X_I,X_p,S_cation,S_anion,S_va_ion,S_bu_ion,S_pro_ion,S_ac_ion,S_hco3_ion,S_nh3,pi_Sh2,pi_Sch4,pi_Sco2,pTOTAL
0.003828,0.002194,0.008194,0.003309,0.00584,0.0997,0.2895,7.036e-08,0.04076,0.008970186391915326,0.16004334571626436,22.0,14.07982,0.1161,0.03287,0.01184,1.48,0.2618,0.4564,0.2122,1.19,0.9083,2.422,36.167,0.0,0.0,0.02555,0.0033004281972622983,0.005826199740632591,0.09942959324156037,0.2889039874354203,0.1235298136080847,0.0049566542837356465,0.0,0.0,0.00038595299999999997,1.013
