S_su,S_aa,S_fa,S_va,S_bu,S_pro,S_ac,S_h2,S_ch4,S_co2,S_nh4,S_I,X_xc,X_ch,X_pr,X_li,X_su,X_aa,X_fa,X_c4,X_pro,X_ac,X_h2,X_I,X_p,S_cation,S_anion,S_va_ion,S_bu_ion,S_pro_ion,S_ac_ion,S_hco3_ion,S_nh3,pi_Sh2,pi_Sch4,pi_Sco2,pTOTAL
0.0054968738022638935,0.0024552539938390355,0.03979947606358192,0.005222384640612889,0.010099057431820284,0.02812279139525834,0.9686420040971998,1.0750854962386002e-07,0.05562007050550495,0.011693950597582674,0.24380884853962073,10.73800002013435,18.01495491295613,0.25441891791322374,0.05538245078562451,0.018443994913075107,7.8299770628157805,1.364937064093182,0.32882462423588266,1.0153352992354763,0.879138415336696,3.1753855990263227,1.6682630795336963,38.294066040881695,2.040913996068601,-7.515255613083035e-21,1.1770745141738209e-21,0.005212533074386814,0.01008167984912806,0.028071853884686665,0.9672290343761354,0.22835640736072085,0.01284368444292569,5.934681388200202e-06,0.5591687464359023,0.42532417428806785,0.9844988554053586
